[
    {
        "model": "auth.permission",
        "pk": 1,
        "fields": {
            "name": "Can add log entry",
            "content_type": 1,
            "codename": "add_logentry"
        }
    },
    {
        "model": "auth.permission",
        "pk": 2,
        "fields": {
            "name": "Can change log entry",
            "content_type": 1,
            "codename": "change_logentry"
        }
    },
    {
        "model": "auth.permission",
        "pk": 3,
        "fields": {
            "name": "Can delete log entry",
            "content_type": 1,
            "codename": "delete_logentry"
        }
    },
    {
        "model": "auth.permission",
        "pk": 4,
        "fields": {
            "name": "Can view log entry",
            "content_type": 1,
            "codename": "view_logentry"
        }
    },
    {
        "model": "auth.permission",
        "pk": 5,
        "fields": {
            "name": "Can add permission",
            "content_type": 2,
            "codename": "add_permission"
        }
    },
    {
        "model": "auth.permission",
        "pk": 6,
        "fields": {
            "name": "Can change permission",
            "content_type": 2,
            "codename": "change_permission"
        }
    },
    {
        "model": "auth.permission",
        "pk": 7,
        "fields": {
            "name": "Can delete permission",
            "content_type": 2,
            "codename": "delete_permission"
        }
    },
    {
        "model": "auth.permission",
        "pk": 8,
        "fields": {
            "name": "Can view permission",
            "content_type": 2,
            "codename": "view_permission"
        }
    },
    {
        "model": "auth.permission",
        "pk": 9,
        "fields": {
            "name": "Can add group",
            "content_type": 3,
            "codename": "add_group"
        }
    },
    {
        "model": "auth.permission",
        "pk": 10,
        "fields": {
            "name": "Can change group",
            "content_type": 3,
            "codename": "change_group"
        }
    },
    {
        "model": "auth.permission",
        "pk": 11,
        "fields": {
            "name": "Can delete group",
            "content_type": 3,
            "codename": "delete_group"
        }
    },
    {
        "model": "auth.permission",
        "pk": 12,
        "fields": {
            "name": "Can view group",
            "content_type": 3,
            "codename": "view_group"
        }
    },
    {
        "model": "auth.permission",
        "pk": 13,
        "fields": {
            "name": "Can add content type",
            "content_type": 4,
            "codename": "add_contenttype"
        }
    },
    {
        "model": "auth.permission",
        "pk": 14,
        "fields": {
            "name": "Can change content type",
            "content_type": 4,
            "codename": "change_contenttype"
        }
    },
    {
        "model": "auth.permission",
        "pk": 15,
        "fields": {
            "name": "Can delete content type",
            "content_type": 4,
            "codename": "delete_contenttype"
        }
    },
    {
        "model": "auth.permission",
        "pk": 16,
        "fields": {
            "name": "Can view content type",
            "content_type": 4,
            "codename": "view_contenttype"
        }
    },
    {
        "model": "auth.permission",
        "pk": 17,
        "fields": {
            "name": "Can add session",
            "content_type": 5,
            "codename": "add_session"
        }
    },
    {
        "model": "auth.permission",
        "pk": 18,
        "fields": {
            "name": "Can change session",
            "content_type": 5,
            "codename": "change_session"
        }
    },
    {
        "model": "auth.permission",
        "pk": 19,
        "fields": {
            "name": "Can delete session",
            "content_type": 5,
            "codename": "delete_session"
        }
    },
    {
        "model": "auth.permission",
        "pk": 20,
        "fields": {
            "name": "Can view session",
            "content_type": 5,
            "codename": "view_session"
        }
    },
    {
        "model": "auth.permission",
        "pk": 21,
        "fields": {
            "name": "Can add user",
            "content_type": 6,
            "codename": "add_usuario"
        }
    },
    {
        "model": "auth.permission",
        "pk": 22,
        "fields": {
            "name": "Can change user",
            "content_type": 6,
            "codename": "change_usuario"
        }
    },
    {
        "model": "auth.permission",
        "pk": 23,
        "fields": {
            "name": "Can delete user",
            "content_type": 6,
            "codename": "delete_usuario"
        }
    },
    {
        "model": "auth.permission",
        "pk": 24,
        "fields": {
            "name": "Can view user",
            "content_type": 6,
            "codename": "view_usuario"
        }
    },
    {
        "model": "auth.permission",
        "pk": 25,
        "fields": {
            "name": "Can add comuna",
            "content_type": 7,
            "codename": "add_comuna"
        }
    },
    {
        "model": "auth.permission",
        "pk": 26,
        "fields": {
            "name": "Can change comuna",
            "content_type": 7,
            "codename": "change_comuna"
        }
    },
    {
        "model": "auth.permission",
        "pk": 27,
        "fields": {
            "name": "Can delete comuna",
            "content_type": 7,
            "codename": "delete_comuna"
        }
    },
    {
        "model": "auth.permission",
        "pk": 28,
        "fields": {
            "name": "Can view comuna",
            "content_type": 7,
            "codename": "view_comuna"
        }
    },
    {
        "model": "auth.permission",
        "pk": 29,
        "fields": {
            "name": "Can add contacto form",
            "content_type": 8,
            "codename": "add_contactoform"
        }
    },
    {
        "model": "auth.permission",
        "pk": 30,
        "fields": {
            "name": "Can change contacto form",
            "content_type": 8,
            "codename": "change_contactoform"
        }
    },
    {
        "model": "auth.permission",
        "pk": 31,
        "fields": {
            "name": "Can delete contacto form",
            "content_type": 8,
            "codename": "delete_contactoform"
        }
    },
    {
        "model": "auth.permission",
        "pk": 32,
        "fields": {
            "name": "Can view contacto form",
            "content_type": 8,
            "codename": "view_contactoform"
        }
    },
    {
        "model": "auth.permission",
        "pk": 33,
        "fields": {
            "name": "Can add inmueble",
            "content_type": 9,
            "codename": "add_inmueble"
        }
    },
    {
        "model": "auth.permission",
        "pk": 34,
        "fields": {
            "name": "Can change inmueble",
            "content_type": 9,
            "codename": "change_inmueble"
        }
    },
    {
        "model": "auth.permission",
        "pk": 35,
        "fields": {
            "name": "Can delete inmueble",
            "content_type": 9,
            "codename": "delete_inmueble"
        }
    },
    {
        "model": "auth.permission",
        "pk": 36,
        "fields": {
            "name": "Can view inmueble",
            "content_type": 9,
            "codename": "view_inmueble"
        }
    },
    {
        "model": "auth.permission",
        "pk": 37,
        "fields": {
            "name": "Can add region",
            "content_type": 10,
            "codename": "add_region"
        }
    },
    {
        "model": "auth.permission",
        "pk": 38,
        "fields": {
            "name": "Can change region",
            "content_type": 10,
            "codename": "change_region"
        }
    },
    {
        "model": "auth.permission",
        "pk": 39,
        "fields": {
            "name": "Can delete region",
            "content_type": 10,
            "codename": "delete_region"
        }
    },
    {
        "model": "auth.permission",
        "pk": 40,
        "fields": {
            "name": "Can view region",
            "content_type": 10,
            "codename": "view_region"
        }
    },
    {
        "model": "auth.permission",
        "pk": 41,
        "fields": {
            "name": "Can add solicitud arriendo",
            "content_type": 11,
            "codename": "add_solicitudarriendo"
        }
    },
    {
        "model": "auth.permission",
        "pk": 42,
        "fields": {
            "name": "Can change solicitud arriendo",
            "content_type": 11,
            "codename": "change_solicitudarriendo"
        }
    },
    {
        "model": "auth.permission",
        "pk": 43,
        "fields": {
            "name": "Can delete solicitud arriendo",
            "content_type": 11,
            "codename": "delete_solicitudarriendo"
        }
    },
    {
        "model": "auth.permission",
        "pk": 44,
        "fields": {
            "name": "Can view solicitud arriendo",
            "content_type": 11,
            "codename": "view_solicitudarriendo"
        }
    },
    {
        "model": "contenttypes.contenttype",
        "pk": 1,
        "fields": {
            "app_label": "admin",
            "model": "logentry"
        }
    },
    {
        "model": "contenttypes.contenttype",
        "pk": 2,
        "fields": {
            "app_label": "auth",
            "model": "permission"
        }
    },
    {
        "model": "contenttypes.contenttype",
        "pk": 3,
        "fields": {
            "app_label": "auth",
            "model": "group"
        }
    },
    {
        "model": "contenttypes.contenttype",
        "pk": 4,
        "fields": {
            "app_label": "contenttypes",
            "model": "contenttype"
        }
    },
    {
        "model": "contenttypes.contenttype",
        "pk": 5,
        "fields": {
            "app_label": "sessions",
            "model": "session"
        }
    },
    {
        "model": "contenttypes.contenttype",
        "pk": 6,
        "fields": {
            "app_label": "app",
            "model": "usuario"
        }
    },
    {
        "model": "contenttypes.contenttype",
        "pk": 7,
        "fields": {
            "app_label": "app",
            "model": "comuna"
        }
    },
    {
        "model": "contenttypes.contenttype",
        "pk": 8,
        "fields": {
            "app_label": "app",
            "model": "contactoform"
        }
    },
    {
        "model": "contenttypes.contenttype",
        "pk": 9,
        "fields": {
            "app_label": "app",
            "model": "inmueble"
        }
    },
    {
        "model": "contenttypes.contenttype",
        "pk": 10,
        "fields": {
            "app_label": "app",
            "model": "region"
        }
    },
    {
        "model": "contenttypes.contenttype",
        "pk": 11,
        "fields": {
            "app_label": "app",
            "model": "solicitudarriendo"
        }
    },
    {
        "model": "app.region",
        "pk": 1,
        "fields": {
            "name": "de Arica y Parinacota"
        }
    },
    {
        "model": "app.region",
        "pk": 2,
        "fields": {
            "name": "de Tarapacá"
        }
    },
    {
        "model": "app.region",
        "pk": 3,
        "fields": {
            "name": "de Antofagasta"
        }
    },
    {
        "model": "app.region",
        "pk": 4,
        "fields": {
            "name": "de Atacama"
        }
    },
    {
        "model": "app.region",
        "pk": 5,
        "fields": {
            "name": "de Coquimbo"
        }
    },
    {
        "model": "app.region",
        "pk": 6,
        "fields": {
            "name": "de Valparaíso"
        }
    },
    {
        "model": "app.region",
        "pk": 7,
        "fields": {
            "name": "del Libertador General Bernardo O'Higgins"
        }
    },
    {
        "model": "app.region",
        "pk": 8,
        "fields": {
            "name": "del Maule"
        }
    },
    {
        "model": "app.region",
        "pk": 9,
        "fields": {
            "name": "de Ñuble"
        }
    },
    {
        "model": "app.region",
        "pk": 10,
        "fields": {
            "name": "del Biobío"
        }
    },
    {
        "model": "app.region",
        "pk": 11,
        "fields": {
            "name": "de La Araucanía"
        }
    },
    {
        "model": "app.region",
        "pk": 12,
        "fields": {
            "name": "de Los Ríos"
        }
    },
    {
        "model": "app.region",
        "pk": 13,
        "fields": {
            "name": "de Los Lagos"
        }
    },
    {
        "model": "app.region",
        "pk": 14,
        "fields": {
            "name": "de Aysén del General Carlos Ibáñez del Campo"
        }
    },
    {
        "model": "app.region",
        "pk": 15,
        "fields": {
            "name": "de Magallanes y de la Antártica Chilena"
        }
    },
    {
        "model": "app.region",
        "pk": 16,
        "fields": {
            "name": "Metropolitana de Santiago"
        }
    },
    {
        "model": "app.comuna",
        "pk": 1,
        "fields": {
            "name": "Arica",
            "region": 1
        }
    },
    {
        "model": "app.comuna",
        "pk": 2,
        "fields": {
            "name": "Camarones",
            "region": 1
        }
    },
    {
        "model": "app.comuna",
        "pk": 3,
        "fields": {
            "name": "Putre",
            "region": 1
        }
    },
    {
        "model": "app.comuna",
        "pk": 4,
        "fields": {
            "name": "General Lagos",
            "region": 1
        }
    },
    {
        "model": "app.comuna",
        "pk": 5,
        "fields": {
            "name": "Iquique",
            "region": 2
        }
    },
    {
        "model": "app.comuna",
        "pk": 6,
        "fields": {
            "name": "Camiña",
            "region": 2
        }
    },
    {
        "model": "app.comuna",
        "pk": 7,
        "fields": {
            "name": "Colchane",
            "region": 2
        }
    },
    {
        "model": "app.comuna",
        "pk": 8,
        "fields": {
            "name": "Huara",
            "region": 2
        }
    },
    {
        "model": "app.comuna",
        "pk": 9,
        "fields": {
            "name": "Pica",
            "region": 2
        }
    },
    {
        "model": "app.comuna",
        "pk": 10,
        "fields": {
            "name": "Pozo Almonte",
            "region": 2
        }
    },
    {
        "model": "app.comuna",
        "pk": 11,
        "fields": {
            "name": "Alto Hospicio",
            "region": 2
        }
    },
    {
        "model": "app.comuna",
        "pk": 12,
        "fields": {
            "name": "Antofagasta",
            "region": 3
        }
    },
    {
        "model": "app.comuna",
        "pk": 13,
        "fields": {
            "name": "Mejillones",
            "region": 3
        }
    },
    {
        "model": "app.comuna",
        "pk": 14,
        "fields": {
            "name": "Sierra Gorda",
            "region": 3
        }
    },
    {
        "model": "app.comuna",
        "pk": 15,
        "fields": {
            "name": "Taltal",
            "region": 3
        }
    },
    {
        "model": "app.comuna",
        "pk": 16,
        "fields": {
            "name": "Calama",
            "region": 3
        }
    },
    {
        "model": "app.comuna",
        "pk": 17,
        "fields": {
            "name": "Ollagüe",
            "region": 3
        }
    },
    {
        "model": "app.comuna",
        "pk": 18,
        "fields": {
            "name": "San Pedro de Atacama",
            "region": 3
        }
    },
    {
        "model": "app.comuna",
        "pk": 19,
        "fields": {
            "name": "Tocopilla",
            "region": 3
        }
    },
    {
        "model": "app.comuna",
        "pk": 20,
        "fields": {
            "name": "María Elena",
            "region": 3
        }
    },
    {
        "model": "app.comuna",
        "pk": 21,
        "fields": {
            "name": "Copiapó",
            "region": 4
        }
    },
    {
        "model": "app.comuna",
        "pk": 22,
        "fields": {
            "name": "Caldera",
            "region": 4
        }
    },
    {
        "model": "app.comuna",
        "pk": 23,
        "fields": {
            "name": "Tierra Amarilla",
            "region": 4
        }
    },
    {
        "model": "app.comuna",
        "pk": 24,
        "fields": {
            "name": "Chañaral",
            "region": 4
        }
    },
    {
        "model": "app.comuna",
        "pk": 25,
        "fields": {
            "name": "Diego de Almagro",
            "region": 4
        }
    },
    {
        "model": "app.comuna",
        "pk": 26,
        "fields": {
            "name": "Vallenar",
            "region": 4
        }
    },
    {
        "model": "app.comuna",
        "pk": 27,
        "fields": {
            "name": "Alto del Carmen",
            "region": 4
        }
    },
    {
        "model": "app.comuna",
        "pk": 28,
        "fields": {
            "name": "Freirina",
            "region": 4
        }
    },
    {
        "model": "app.comuna",
        "pk": 29,
        "fields": {
            "name": "Huasco",
            "region": 4
        }
    },
    {
        "model": "app.comuna",
        "pk": 30,
        "fields": {
            "name": "La Serena",
            "region": 5
        }
    },
    {
        "model": "app.comuna",
        "pk": 31,
        "fields": {
            "name": "Coquimbo",
            "region": 5
        }
    },
    {
        "model": "app.comuna",
        "pk": 32,
        "fields": {
            "name": "Andacollo",
            "region": 5
        }
    },
    {
        "model": "app.comuna",
        "pk": 33,
        "fields": {
            "name": "La Higuera",
            "region": 5
        }
    },
    {
        "model": "app.comuna",
        "pk": 34,
        "fields": {
            "name": "Paiguano",
            "region": 5
        }
    },
    {
        "model": "app.comuna",
        "pk": 35,
        "fields": {
            "name": "Vicuña",
            "region": 5
        }
    },
    {
        "model": "app.comuna",
        "pk": 36,
        "fields": {
            "name": "Illapel",
            "region": 5
        }
    },
    {
        "model": "app.comuna",
        "pk": 37,
        "fields": {
            "name": "Canela",
            "region": 5
        }
    },
    {
        "model": "app.comuna",
        "pk": 38,
        "fields": {
            "name": "Los Vilos",
            "region": 5
        }
    },
    {
        "model": "app.comuna",
        "pk": 39,
        "fields": {
            "name": "Salamanca",
            "region": 5
        }
    },
    {
        "model": "app.comuna",
        "pk": 40,
        "fields": {
            "name": "Ovalle",
            "region": 5
        }
    },
    {
        "model": "app.comuna",
        "pk": 41,
        "fields": {
            "name": "Combarbalá",
            "region": 5
        }
    },
    {
        "model": "app.comuna",
        "pk": 42,
        "fields": {
            "name": "Monte Patria",
            "region": 5
        }
    },
    {
        "model": "app.comuna",
        "pk": 43,
        "fields": {
            "name": "Punitaqui",
            "region": 5
        }
    },
    {
        "model": "app.comuna",
        "pk": 44,
        "fields": {
            "name": "Río Hurtado",
            "region": 5
        }
    },
    {
        "model": "app.comuna",
        "pk": 45,
        "fields": {
            "name": "Valparaíso",
            "region": 6
        }
    },
    {
        "model": "app.comuna",
        "pk": 46,
        "fields": {
            "name": "Casablanca",
            "region": 6
        }
    },
    {
        "model": "app.comuna",
        "pk": 47,
        "fields": {
            "name": "Concón",
            "region": 6
        }
    },
    {
        "model": "app.comuna",
        "pk": 48,
        "fields": {
            "name": "Juan Fernández",
            "region": 6
        }
    },
    {
        "model": "app.comuna",
        "pk": 49,
        "fields": {
            "name": "Puchuncaví",
            "region": 6
        }
    },
    {
        "model": "app.comuna",
        "pk": 50,
        "fields": {
            "name": "Quilpué",
            "region": 6
        }
    },
    {
        "model": "app.comuna",
        "pk": 51,
        "fields": {
            "name": "Quintero",
            "region": 6
        }
    },
    {
        "model": "app.comuna",
        "pk": 52,
        "fields": {
            "name": "Villa Alemana",
            "region": 6
        }
    },
    {
        "model": "app.comuna",
        "pk": 53,
        "fields": {
            "name": "Viña del Mar",
            "region": 6
        }
    },
    {
        "model": "app.comuna",
        "pk": 54,
        "fields": {
            "name": "Isla  de Pascua",
            "region": 6
        }
    },
    {
        "model": "app.comuna",
        "pk": 55,
        "fields": {
            "name": "Los Andes",
            "region": 6
        }
    },
    {
        "model": "app.comuna",
        "pk": 56,
        "fields": {
            "name": "Calle Larga",
            "region": 6
        }
    },
    {
        "model": "app.comuna",
        "pk": 57,
        "fields": {
            "name": "Rinconada",
            "region": 6
        }
    },
    {
        "model": "app.comuna",
        "pk": 58,
        "fields": {
            "name": "San Esteban",
            "region": 6
        }
    },
    {
        "model": "app.comuna",
        "pk": 59,
        "fields": {
            "name": "La Ligua",
            "region": 6
        }
    },
    {
        "model": "app.comuna",
        "pk": 60,
        "fields": {
            "name": "Cabildo",
            "region": 6
        }
    },
    {
        "model": "app.comuna",
        "pk": 61,
        "fields": {
            "name": "Papudo",
            "region": 6
        }
    },
    {
        "model": "app.comuna",
        "pk": 62,
        "fields": {
            "name": "Petorca",
            "region": 6
        }
    },
    {
        "model": "app.comuna",
        "pk": 63,
        "fields": {
            "name": "Zapallar",
            "region": 6
        }
    },
    {
        "model": "app.comuna",
        "pk": 64,
        "fields": {
            "name": "Quillota",
            "region": 6
        }
    },
    {
        "model": "app.comuna",
        "pk": 65,
        "fields": {
            "name": "Calera",
            "region": 6
        }
    },
    {
        "model": "app.comuna",
        "pk": 66,
        "fields": {
            "name": "Hijuelas",
            "region": 6
        }
    },
    {
        "model": "app.comuna",
        "pk": 67,
        "fields": {
            "name": "La Cruz",
            "region": 6
        }
    },
    {
        "model": "app.comuna",
        "pk": 68,
        "fields": {
            "name": "Limache",
            "region": 6
        }
    },
    {
        "model": "app.comuna",
        "pk": 69,
        "fields": {
            "name": "Nogales",
            "region": 6
        }
    },
    {
        "model": "app.comuna",
        "pk": 70,
        "fields": {
            "name": "Olmué",
            "region": 6
        }
    },
    {
        "model": "app.comuna",
        "pk": 71,
        "fields": {
            "name": "San Antonio",
            "region": 6
        }
    },
    {
        "model": "app.comuna",
        "pk": 72,
        "fields": {
            "name": "Algarrobo",
            "region": 6
        }
    },
    {
        "model": "app.comuna",
        "pk": 73,
        "fields": {
            "name": "Cartagena",
            "region": 6
        }
    },
    {
        "model": "app.comuna",
        "pk": 74,
        "fields": {
            "name": "El Quisco",
            "region": 6
        }
    },
    {
        "model": "app.comuna",
        "pk": 75,
        "fields": {
            "name": "El Tabo",
            "region": 6
        }
    },
    {
        "model": "app.comuna",
        "pk": 76,
        "fields": {
            "name": "Santo Domingo",
            "region": 6
        }
    },
    {
        "model": "app.comuna",
        "pk": 77,
        "fields": {
            "name": "San Felipe",
            "region": 6
        }
    },
    {
        "model": "app.comuna",
        "pk": 78,
        "fields": {
            "name": "Catemu",
            "region": 6
        }
    },
    {
        "model": "app.comuna",
        "pk": 79,
        "fields": {
            "name": "Llaillay",
            "region": 6
        }
    },
    {
        "model": "app.comuna",
        "pk": 80,
        "fields": {
            "name": "Panquehue",
            "region": 6
        }
    },
    {
        "model": "app.comuna",
        "pk": 81,
        "fields": {
            "name": "Putaendo",
            "region": 6
        }
    },
    {
        "model": "app.comuna",
        "pk": 82,
        "fields": {
            "name": "Santa María",
            "region": 6
        }
    },
    {
        "model": "app.comuna",
        "pk": 83,
        "fields": {
            "name": "Rancagua",
            "region": 7
        }
    },
    {
        "model": "app.comuna",
        "pk": 84,
        "fields": {
            "name": "Codegua",
            "region": 7
        }
    },
    {
        "model": "app.comuna",
        "pk": 85,
        "fields": {
            "name": "Coinco",
            "region": 7
        }
    },
    {
        "model": "app.comuna",
        "pk": 86,
        "fields": {
            "name": "Coltauco",
            "region": 7
        }
    },
    {
        "model": "app.comuna",
        "pk": 87,
        "fields": {
            "name": "Doñihue",
            "region": 7
        }
    },
    {
        "model": "app.comuna",
        "pk": 88,
        "fields": {
            "name": "Graneros",
            "region": 7
        }
    },
    {
        "model": "app.comuna",
        "pk": 89,
        "fields": {
            "name": "Las Cabras",
            "region": 7
        }
    },
    {
        "model": "app.comuna",
        "pk": 90,
        "fields": {
            "name": "Machalí",
            "region": 7
        }
    },
    {
        "model": "app.comuna",
        "pk": 91,
        "fields": {
            "name": "Malloa",
            "region": 7
        }
    },
    {
        "model": "app.comuna",
        "pk": 92,
        "fields": {
            "name": "Mostazal",
            "region": 7
        }
    },
    {
        "model": "app.comuna",
        "pk": 93,
        "fields": {
            "name": "Olivar",
            "region": 7
        }
    },
    {
        "model": "app.comuna",
        "pk": 94,
        "fields": {
            "name": "Peumo",
            "region": 7
        }
    },
    {
        "model": "app.comuna",
        "pk": 95,
        "fields": {
            "name": "Pichidegua",
            "region": 7
        }
    },
    {
        "model": "app.comuna",
        "pk": 96,
        "fields": {
            "name": "Quinta de Tilcoco",
            "region": 7
        }
    },
    {
        "model": "app.comuna",
        "pk": 97,
        "fields": {
            "name": "Rengo",
            "region": 7
        }
    },
    {
        "model": "app.comuna",
        "pk": 98,
        "fields": {
            "name": "Requínoa",
            "region": 7
        }
    },
    {
        "model": "app.comuna",
        "pk": 99,
        "fields": {
            "name": "San Vicente",
            "region": 7
        }
    },
    {
        "model": "app.comuna",
        "pk": 100,
        "fields": {
            "name": "Pichilemu",
            "region": 7
        }
    },
    {
        "model": "app.comuna",
        "pk": 101,
        "fields": {
            "name": "La Estrella",
            "region": 7
        }
    },
    {
        "model": "app.comuna",
        "pk": 102,
        "fields": {
            "name": "Litueche",
            "region": 7
        }
    },
    {
        "model": "app.comuna",
        "pk": 103,
        "fields": {
            "name": "Marchihue",
            "region": 7
        }
    },
    {
        "model": "app.comuna",
        "pk": 104,
        "fields": {
            "name": "Navidad",
            "region": 7
        }
    },
    {
        "model": "app.comuna",
        "pk": 105,
        "fields": {
            "name": "Paredones",
            "region": 7
        }
    },
    {
        "model": "app.comuna",
        "pk": 106,
        "fields": {
            "name": "San Fernando",
            "region": 7
        }
    },
    {
        "model": "app.comuna",
        "pk": 107,
        "fields": {
            "name": "Chépica",
            "region": 7
        }
    },
    {
        "model": "app.comuna",
        "pk": 108,
        "fields": {
            "name": "Chimbarongo",
            "region": 7
        }
    },
    {
        "model": "app.comuna",
        "pk": 109,
        "fields": {
            "name": "Lolol",
            "region": 7
        }
    },
    {
        "model": "app.comuna",
        "pk": 110,
        "fields": {
            "name": "Nancagua",
            "region": 7
        }
    },
    {
        "model": "app.comuna",
        "pk": 111,
        "fields": {
            "name": "Palmilla",
            "region": 7
        }
    },
    {
        "model": "app.comuna",
        "pk": 112,
        "fields": {
            "name": "Peralillo",
            "region": 7
        }
    },
    {
        "model": "app.comuna",
        "pk": 113,
        "fields": {
            "name": "Placilla",
            "region": 7
        }
    },
    {
        "model": "app.comuna",
        "pk": 114,
        "fields": {
            "name": "Pumanque",
            "region": 7
        }
    },
    {
        "model": "app.comuna",
        "pk": 115,
        "fields": {
            "name": "Santa Cruz",
            "region": 7
        }
    },
    {
        "model": "app.comuna",
        "pk": 116,
        "fields": {
            "name": "Talca",
            "region": 8
        }
    },
    {
        "model": "app.comuna",
        "pk": 117,
        "fields": {
            "name": "Constitución",
            "region": 8
        }
    },
    {
        "model": "app.comuna",
        "pk": 118,
        "fields": {
            "name": "Curepto",
            "region": 8
        }
    },
    {
        "model": "app.comuna",
        "pk": 119,
        "fields": {
            "name": "Empedrado",
            "region": 8
        }
    },
    {
        "model": "app.comuna",
        "pk": 120,
        "fields": {
            "name": "Maule",
            "region": 8
        }
    },
    {
        "model": "app.comuna",
        "pk": 121,
        "fields": {
            "name": "Pelarco",
            "region": 8
        }
    },
    {
        "model": "app.comuna",
        "pk": 122,
        "fields": {
            "name": "Pencahue",
            "region": 8
        }
    },
    {
        "model": "app.comuna",
        "pk": 123,
        "fields": {
            "name": "Río Claro",
            "region": 8
        }
    },
    {
        "model": "app.comuna",
        "pk": 124,
        "fields": {
            "name": "San Clemente",
            "region": 8
        }
    },
    {
        "model": "app.comuna",
        "pk": 125,
        "fields": {
            "name": "San Rafael",
            "region": 8
        }
    },
    {
        "model": "app.comuna",
        "pk": 126,
        "fields": {
            "name": "Cauquenes",
            "region": 8
        }
    },
    {
        "model": "app.comuna",
        "pk": 127,
        "fields": {
            "name": "Chanco",
            "region": 8
        }
    },
    {
        "model": "app.comuna",
        "pk": 128,
        "fields": {
            "name": "Pelluhue",
            "region": 8
        }
    },
    {
        "model": "app.comuna",
        "pk": 129,
        "fields": {
            "name": "Curicó",
            "region": 8
        }
    },
    {
        "model": "app.comuna",
        "pk": 130,
        "fields": {
            "name": "Hualañé",
            "region": 8
        }
    },
    {
        "model": "app.comuna",
        "pk": 131,
        "fields": {
            "name": "Licantén",
            "region": 8
        }
    },
    {
        "model": "app.comuna",
        "pk": 132,
        "fields": {
            "name": "Molina",
            "region": 8
        }
    },
    {
        "model": "app.comuna",
        "pk": 133,
        "fields": {
            "name": "Rauco",
            "region": 8
        }
    },
    {
        "model": "app.comuna",
        "pk": 134,
        "fields": {
            "name": "Romeral",
            "region": 8
        }
    },
    {
        "model": "app.comuna",
        "pk": 135,
        "fields": {
            "name": "Sagrada Familia",
            "region": 8
        }
    },
    {
        "model": "app.comuna",
        "pk": 136,
        "fields": {
            "name": "Teno",
            "region": 8
        }
    },
    {
        "model": "app.comuna",
        "pk": 137,
        "fields": {
            "name": "Vichuquén",
            "region": 8
        }
    },
    {
        "model": "app.comuna",
        "pk": 138,
        "fields": {
            "name": "Linares",
            "region": 8
        }
    },
    {
        "model": "app.comuna",
        "pk": 139,
        "fields": {
            "name": "Colbún",
            "region": 8
        }
    },
    {
        "model": "app.comuna",
        "pk": 140,
        "fields": {
            "name": "Longaví",
            "region": 8
        }
    },
    {
        "model": "app.comuna",
        "pk": 141,
        "fields": {
            "name": "Parral",
            "region": 8
        }
    },
    {
        "model": "app.comuna",
        "pk": 142,
        "fields": {
            "name": "Retiro",
            "region": 8
        }
    },
    {
        "model": "app.comuna",
        "pk": 143,
        "fields": {
            "name": "San Javier",
            "region": 8
        }
    },
    {
        "model": "app.comuna",
        "pk": 144,
        "fields": {
            "name": "Villa Alegre",
            "region": 8
        }
    },
    {
        "model": "app.comuna",
        "pk": 145,
        "fields": {
            "name": "Yerbas Buenas",
            "region": 8
        }
    },
    {
        "model": "app.comuna",
        "pk": 146,
        "fields": {
            "name": "Concepción",
            "region": 10
        }
    },
    {
        "model": "app.comuna",
        "pk": 147,
        "fields": {
            "name": "Coronel",
            "region": 10
        }
    },
    {
        "model": "app.comuna",
        "pk": 148,
        "fields": {
            "name": "Chiguayante",
            "region": 10
        }
    },
    {
        "model": "app.comuna",
        "pk": 149,
        "fields": {
            "name": "Florida",
            "region": 10
        }
    },
    {
        "model": "app.comuna",
        "pk": 150,
        "fields": {
            "name": "Hualqui",
            "region": 10
        }
    },
    {
        "model": "app.comuna",
        "pk": 151,
        "fields": {
            "name": "Lota",
            "region": 10
        }
    },
    {
        "model": "app.comuna",
        "pk": 152,
        "fields": {
            "name": "Penco",
            "region": 10
        }
    },
    {
        "model": "app.comuna",
        "pk": 153,
        "fields": {
            "name": "San Pedro de la Paz",
            "region": 10
        }
    },
    {
        "model": "app.comuna",
        "pk": 154,
        "fields": {
            "name": "Santa Juana",
            "region": 10
        }
    },
    {
        "model": "app.comuna",
        "pk": 155,
        "fields": {
            "name": "Talcahuano",
            "region": 10
        }
    },
    {
        "model": "app.comuna",
        "pk": 156,
        "fields": {
            "name": "Tomé",
            "region": 10
        }
    },
    {
        "model": "app.comuna",
        "pk": 157,
        "fields": {
            "name": "Hualpén",
            "region": 10
        }
    },
    {
        "model": "app.comuna",
        "pk": 158,
        "fields": {
            "name": "Lebu",
            "region": 10
        }
    },
    {
        "model": "app.comuna",
        "pk": 159,
        "fields": {
            "name": "Arauco",
            "region": 10
        }
    },
    {
        "model": "app.comuna",
        "pk": 160,
        "fields": {
            "name": "Cañete",
            "region": 10
        }
    },
    {
        "model": "app.comuna",
        "pk": 161,
        "fields": {
            "name": "Contulmo",
            "region": 10
        }
    },
    {
        "model": "app.comuna",
        "pk": 162,
        "fields": {
            "name": "Curanilahue",
            "region": 10
        }
    },
    {
        "model": "app.comuna",
        "pk": 163,
        "fields": {
            "name": "Los Álamos",
            "region": 10
        }
    },
    {
        "model": "app.comuna",
        "pk": 164,
        "fields": {
            "name": "Tirúa",
            "region": 10
        }
    },
    {
        "model": "app.comuna",
        "pk": 165,
        "fields": {
            "name": "Los Ángeles",
            "region": 10
        }
    },
    {
        "model": "app.comuna",
        "pk": 166,
        "fields": {
            "name": "Antuco",
            "region": 10
        }
    },
    {
        "model": "app.comuna",
        "pk": 167,
        "fields": {
            "name": "Cabrero",
            "region": 10
        }
    },
    {
        "model": "app.comuna",
        "pk": 168,
        "fields": {
            "name": "Laja",
            "region": 10
        }
    },
    {
        "model": "app.comuna",
        "pk": 169,
        "fields": {
            "name": "Mulchén",
            "region": 10
        }
    },
    {
        "model": "app.comuna",
        "pk": 170,
        "fields": {
            "name": "Nacimiento",
            "region": 10
        }
    },
    {
        "model": "app.comuna",
        "pk": 171,
        "fields": {
            "name": "Negrete",
            "region": 10
        }
    },
    {
        "model": "app.comuna",
        "pk": 172,
        "fields": {
            "name": "Quilaco",
            "region": 10
        }
    },
    {
        "model": "app.comuna",
        "pk": 173,
        "fields": {
            "name": "Quilleco",
            "region": 10
        }
    },
    {
        "model": "app.comuna",
        "pk": 174,
        "fields": {
            "name": "San Rosendo",
            "region": 10
        }
    },
    {
        "model": "app.comuna",
        "pk": 175,
        "fields": {
            "name": "Santa Bárbara",
            "region": 10
        }
    },
    {
        "model": "app.comuna",
        "pk": 176,
        "fields": {
            "name": "Tucapel",
            "region": 10
        }
    },
    {
        "model": "app.comuna",
        "pk": 177,
        "fields": {
            "name": "Yumbel",
            "region": 10
        }
    },
    {
        "model": "app.comuna",
        "pk": 178,
        "fields": {
            "name": "Alto Biobío",
            "region": 10
        }
    },
    {
        "model": "app.comuna",
        "pk": 179,
        "fields": {
            "name": "Chillán",
            "region": 9
        }
    },
    {
        "model": "app.comuna",
        "pk": 180,
        "fields": {
            "name": "Bulnes",
            "region": 9
        }
    },
    {
        "model": "app.comuna",
        "pk": 181,
        "fields": {
            "name": "Cobquecura",
            "region": 9
        }
    },
    {
        "model": "app.comuna",
        "pk": 182,
        "fields": {
            "name": "Coelemu",
            "region": 9
        }
    },
    {
        "model": "app.comuna",
        "pk": 183,
        "fields": {
            "name": "Coihueco",
            "region": 9
        }
    },
    {
        "model": "app.comuna",
        "pk": 184,
        "fields": {
            "name": "Chillán Viejo",
            "region": 9
        }
    },
    {
        "model": "app.comuna",
        "pk": 185,
        "fields": {
            "name": "El Carmen",
            "region": 9
        }
    },
    {
        "model": "app.comuna",
        "pk": 186,
        "fields": {
            "name": "Ninhue",
            "region": 9
        }
    },
    {
        "model": "app.comuna",
        "pk": 187,
        "fields": {
            "name": "Ñiquén",
            "region": 9
        }
    },
    {
        "model": "app.comuna",
        "pk": 188,
        "fields": {
            "name": "Pemuco",
            "region": 9
        }
    },
    {
        "model": "app.comuna",
        "pk": 189,
        "fields": {
            "name": "Pinto",
            "region": 9
        }
    },
    {
        "model": "app.comuna",
        "pk": 190,
        "fields": {
            "name": "Portezuelo",
            "region": 9
        }
    },
    {
        "model": "app.comuna",
        "pk": 191,
        "fields": {
            "name": "Quillón",
            "region": 9
        }
    },
    {
        "model": "app.comuna",
        "pk": 192,
        "fields": {
            "name": "Quirihue",
            "region": 9
        }
    },
    {
        "model": "app.comuna",
        "pk": 193,
        "fields": {
            "name": "Ránquil",
            "region": 9
        }
    },
    {
        "model": "app.comuna",
        "pk": 194,
        "fields": {
            "name": "San Carlos",
            "region": 9
        }
    },
    {
        "model": "app.comuna",
        "pk": 195,
        "fields": {
            "name": "San Fabián",
            "region": 9
        }
    },
    {
        "model": "app.comuna",
        "pk": 196,
        "fields": {
            "name": "San Ignacio",
            "region": 9
        }
    },
    {
        "model": "app.comuna",
        "pk": 197,
        "fields": {
            "name": "San Nicolás",
            "region": 9
        }
    },
    {
        "model": "app.comuna",
        "pk": 198,
        "fields": {
            "name": "Treguaco",
            "region": 9
        }
    },
    {
        "model": "app.comuna",
        "pk": 199,
        "fields": {
            "name": "Yungay",
            "region": 9
        }
    },
    {
        "model": "app.comuna",
        "pk": 200,
        "fields": {
            "name": "Temuco",
            "region": 11
        }
    },
    {
        "model": "app.comuna",
        "pk": 201,
        "fields": {
            "name": "Carahue",
            "region": 11
        }
    },
    {
        "model": "app.comuna",
        "pk": 202,
        "fields": {
            "name": "Cunco",
            "region": 11
        }
    },
    {
        "model": "app.comuna",
        "pk": 203,
        "fields": {
            "name": "Curarrehue",
            "region": 11
        }
    },
    {
        "model": "app.comuna",
        "pk": 204,
        "fields": {
            "name": "Freire",
            "region": 11
        }
    },
    {
        "model": "app.comuna",
        "pk": 205,
        "fields": {
            "name": "Galvarino",
            "region": 11
        }
    },
    {
        "model": "app.comuna",
        "pk": 206,
        "fields": {
            "name": "Gorbea",
            "region": 11
        }
    },
    {
        "model": "app.comuna",
        "pk": 207,
        "fields": {
            "name": "Lautaro",
            "region": 11
        }
    },
    {
        "model": "app.comuna",
        "pk": 208,
        "fields": {
            "name": "Loncoche",
            "region": 11
        }
    },
    {
        "model": "app.comuna",
        "pk": 209,
        "fields": {
            "name": "Melipeuco",
            "region": 11
        }
    },
    {
        "model": "app.comuna",
        "pk": 210,
        "fields": {
            "name": "Nueva Imperial",
            "region": 11
        }
    },
    {
        "model": "app.comuna",
        "pk": 211,
        "fields": {
            "name": "Padre Las Casas",
            "region": 11
        }
    },
    {
        "model": "app.comuna",
        "pk": 212,
        "fields": {
            "name": "Perquenco",
            "region": 11
        }
    },
    {
        "model": "app.comuna",
        "pk": 213,
        "fields": {
            "name": "Pitrufquén",
            "region": 11
        }
    },
    {
        "model": "app.comuna",
        "pk": 214,
        "fields": {
            "name": "Pucón",
            "region": 11
        }
    },
    {
        "model": "app.comuna",
        "pk": 215,
        "fields": {
            "name": "Saavedra",
            "region": 11
        }
    },
    {
        "model": "app.comuna",
        "pk": 216,
        "fields": {
            "name": "Teodoro Schmidt",
            "region": 11
        }
    },
    {
        "model": "app.comuna",
        "pk": 217,
        "fields": {
            "name": "Toltén",
            "region": 11
        }
    },
    {
        "model": "app.comuna",
        "pk": 218,
        "fields": {
            "name": "Vilcún",
            "region": 11
        }
    },
    {
        "model": "app.comuna",
        "pk": 219,
        "fields": {
            "name": "Villarrica",
            "region": 11
        }
    },
    {
        "model": "app.comuna",
        "pk": 220,
        "fields": {
            "name": "Cholchol",
            "region": 11
        }
    },
    {
        "model": "app.comuna",
        "pk": 221,
        "fields": {
            "name": "Angol",
            "region": 11
        }
    },
    {
        "model": "app.comuna",
        "pk": 222,
        "fields": {
            "name": "Collipulli",
            "region": 11
        }
    },
    {
        "model": "app.comuna",
        "pk": 223,
        "fields": {
            "name": "Curacautín",
            "region": 11
        }
    },
    {
        "model": "app.comuna",
        "pk": 224,
        "fields": {
            "name": "Ercilla",
            "region": 11
        }
    },
    {
        "model": "app.comuna",
        "pk": 225,
        "fields": {
            "name": "Lonquimay",
            "region": 11
        }
    },
    {
        "model": "app.comuna",
        "pk": 226,
        "fields": {
            "name": "Los Sauces",
            "region": 11
        }
    },
    {
        "model": "app.comuna",
        "pk": 227,
        "fields": {
            "name": "Lumaco",
            "region": 11
        }
    },
    {
        "model": "app.comuna",
        "pk": 228,
        "fields": {
            "name": "Purén",
            "region": 11
        }
    },
    {
        "model": "app.comuna",
        "pk": 229,
        "fields": {
            "name": "Renaico",
            "region": 11
        }
    },
    {
        "model": "app.comuna",
        "pk": 230,
        "fields": {
            "name": "Traiguén",
            "region": 11
        }
    },
    {
        "model": "app.comuna",
        "pk": 231,
        "fields": {
            "name": "Victoria",
            "region": 11
        }
    },
    {
        "model": "app.comuna",
        "pk": 232,
        "fields": {
            "name": "Valdivia",
            "region": 12
        }
    },
    {
        "model": "app.comuna",
        "pk": 233,
        "fields": {
            "name": "Corral",
            "region": 12
        }
    },
    {
        "model": "app.comuna",
        "pk": 234,
        "fields": {
            "name": "Futrono",
            "region": 12
        }
    },
    {
        "model": "app.comuna",
        "pk": 235,
        "fields": {
            "name": "La Unión",
            "region": 12
        }
    },
    {
        "model": "app.comuna",
        "pk": 236,
        "fields": {
            "name": "Lago Ranco",
            "region": 12
        }
    },
    {
        "model": "app.comuna",
        "pk": 237,
        "fields": {
            "name": "Lanco",
            "region": 12
        }
    },
    {
        "model": "app.comuna",
        "pk": 238,
        "fields": {
            "name": "Los Lagos",
            "region": 12
        }
    },
    {
        "model": "app.comuna",
        "pk": 239,
        "fields": {
            "name": "Máfil",
            "region": 12
        }
    },
    {
        "model": "app.comuna",
        "pk": 240,
        "fields": {
            "name": "Mariquina",
            "region": 12
        }
    },
    {
        "model": "app.comuna",
        "pk": 241,
        "fields": {
            "name": "Paillaco",
            "region": 12
        }
    },
    {
        "model": "app.comuna",
        "pk": 242,
        "fields": {
            "name": "Panguipulli",
            "region": 12
        }
    },
    {
        "model": "app.comuna",
        "pk": 243,
        "fields": {
            "name": "Río Bueno",
            "region": 12
        }
    },
    {
        "model": "app.comuna",
        "pk": 244,
        "fields": {
            "name": "Puerto Montt",
            "region": 13
        }
    },
    {
        "model": "app.comuna",
        "pk": 245,
        "fields": {
            "name": "Calbuco",
            "region": 13
        }
    },
    {
        "model": "app.comuna",
        "pk": 246,
        "fields": {
            "name": "Cochamó",
            "region": 13
        }
    },
    {
        "model": "app.comuna",
        "pk": 247,
        "fields": {
            "name": "Fresia",
            "region": 13
        }
    },
    {
        "model": "app.comuna",
        "pk": 248,
        "fields": {
            "name": "Frutillar",
            "region": 13
        }
    },
    {
        "model": "app.comuna",
        "pk": 249,
        "fields": {
            "name": "Los Muermos",
            "region": 13
        }
    },
    {
        "model": "app.comuna",
        "pk": 250,
        "fields": {
            "name": "Llanquihue",
            "region": 13
        }
    },
    {
        "model": "app.comuna",
        "pk": 251,
        "fields": {
            "name": "Maullín",
            "region": 13
        }
    },
    {
        "model": "app.comuna",
        "pk": 252,
        "fields": {
            "name": "Puerto Varas",
            "region": 13
        }
    },
    {
        "model": "app.comuna",
        "pk": 253,
        "fields": {
            "name": "Castro",
            "region": 13
        }
    },
    {
        "model": "app.comuna",
        "pk": 254,
        "fields": {
            "name": "Ancud",
            "region": 13
        }
    },
    {
        "model": "app.comuna",
        "pk": 255,
        "fields": {
            "name": "Chonchi",
            "region": 13
        }
    },
    {
        "model": "app.comuna",
        "pk": 256,
        "fields": {
            "name": "Curaco de Vélez",
            "region": 13
        }
    },
    {
        "model": "app.comuna",
        "pk": 257,
        "fields": {
            "name": "Dalcahue",
            "region": 13
        }
    },
    {
        "model": "app.comuna",
        "pk": 258,
        "fields": {
            "name": "Puqueldón",
            "region": 13
        }
    },
    {
        "model": "app.comuna",
        "pk": 259,
        "fields": {
            "name": "Queilén",
            "region": 13
        }
    },
    {
        "model": "app.comuna",
        "pk": 260,
        "fields": {
            "name": "Quellón",
            "region": 13
        }
    },
    {
        "model": "app.comuna",
        "pk": 261,
        "fields": {
            "name": "Quemchi",
            "region": 13
        }
    },
    {
        "model": "app.comuna",
        "pk": 262,
        "fields": {
            "name": "Quinchao",
            "region": 13
        }
    },
    {
        "model": "app.comuna",
        "pk": 263,
        "fields": {
            "name": "Osorno",
            "region": 13
        }
    },
    {
        "model": "app.comuna",
        "pk": 264,
        "fields": {
            "name": "Puerto Octay",
            "region": 13
        }
    },
    {
        "model": "app.comuna",
        "pk": 265,
        "fields": {
            "name": "Purranque",
            "region": 13
        }
    },
    {
        "model": "app.comuna",
        "pk": 266,
        "fields": {
            "name": "Puyehue",
            "region": 13
        }
    },
    {
        "model": "app.comuna",
        "pk": 267,
        "fields": {
            "name": "Río Negro",
            "region": 13
        }
    },
    {
        "model": "app.comuna",
        "pk": 268,
        "fields": {
            "name": "San Juan de la Costa",
            "region": 13
        }
    },
    {
        "model": "app.comuna",
        "pk": 269,
        "fields": {
            "name": "San Pablo",
            "region": 13
        }
    },
    {
        "model": "app.comuna",
        "pk": 270,
        "fields": {
            "name": "Chaitén",
            "region": 13
        }
    },
    {
        "model": "app.comuna",
        "pk": 271,
        "fields": {
            "name": "Futaleufú",
            "region": 13
        }
    },
    {
        "model": "app.comuna",
        "pk": 272,
        "fields": {
            "name": "Hualaihué",
            "region": 13
        }
    },
    {
        "model": "app.comuna",
        "pk": 273,
        "fields": {
            "name": "Palena",
            "region": 13
        }
    },
    {
        "model": "app.comuna",
        "pk": 274,
        "fields": {
            "name": "Coihaique",
            "region": 14
        }
    },
    {
        "model": "app.comuna",
        "pk": 275,
        "fields": {
            "name": "Lago Verde",
            "region": 14
        }
    },
    {
        "model": "app.comuna",
        "pk": 276,
        "fields": {
            "name": "Aisén",
            "region": 14
        }
    },
    {
        "model": "app.comuna",
        "pk": 277,
        "fields": {
            "name": "Cisnes",
            "region": 14
        }
    },
    {
        "model": "app.comuna",
        "pk": 278,
        "fields": {
            "name": "Guaitecas",
            "region": 14
        }
    },
    {
        "model": "app.comuna",
        "pk": 279,
        "fields": {
            "name": "Cochrane",
            "region": 14
        }
    },
    {
        "model": "app.comuna",
        "pk": 280,
        "fields": {
            "name": "O'Higgins",
            "region": 14
        }
    },
    {
        "model": "app.comuna",
        "pk": 281,
        "fields": {
            "name": "Tortel",
            "region": 14
        }
    },
    {
        "model": "app.comuna",
        "pk": 282,
        "fields": {
            "name": "Chile Chico",
            "region": 14
        }
    },
    {
        "model": "app.comuna",
        "pk": 283,
        "fields": {
            "name": "Río Ibáñez",
            "region": 14
        }
    },
    {
        "model": "app.comuna",
        "pk": 284,
        "fields": {
            "name": "Punta Arenas",
            "region": 15
        }
    },
    {
        "model": "app.comuna",
        "pk": 285,
        "fields": {
            "name": "Laguna Blanca",
            "region": 15
        }
    },
    {
        "model": "app.comuna",
        "pk": 286,
        "fields": {
            "name": "Río Verde",
            "region": 15
        }
    },
    {
        "model": "app.comuna",
        "pk": 287,
        "fields": {
            "name": "San Gregorio",
            "region": 15
        }
    },
    {
        "model": "app.comuna",
        "pk": 288,
        "fields": {
            "name": "Cabo de Hornos",
            "region": 15
        }
    },
    {
        "model": "app.comuna",
        "pk": 289,
        "fields": {
            "name": "Antártica",
            "region": 15
        }
    },
    {
        "model": "app.comuna",
        "pk": 290,
        "fields": {
            "name": "Porvenir",
            "region": 15
        }
    },
    {
        "model": "app.comuna",
        "pk": 291,
        "fields": {
            "name": "Primavera",
            "region": 15
        }
    },
    {
        "model": "app.comuna",
        "pk": 292,
        "fields": {
            "name": "Timaukel",
            "region": 15
        }
    },
    {
        "model": "app.comuna",
        "pk": 293,
        "fields": {
            "name": "Natales",
            "region": 15
        }
    },
    {
        "model": "app.comuna",
        "pk": 294,
        "fields": {
            "name": "Torres del Paine",
            "region": 15
        }
    },
    {
        "model": "app.comuna",
        "pk": 295,
        "fields": {
            "name": "Santiago",
            "region": 16
        }
    },
    {
        "model": "app.comuna",
        "pk": 296,
        "fields": {
            "name": "Cerrillos",
            "region": 16
        }
    },
    {
        "model": "app.comuna",
        "pk": 297,
        "fields": {
            "name": "Cerro Navia",
            "region": 16
        }
    },
    {
        "model": "app.comuna",
        "pk": 298,
        "fields": {
            "name": "Conchalí",
            "region": 16
        }
    },
    {
        "model": "app.comuna",
        "pk": 299,
        "fields": {
            "name": "El Bosque",
            "region": 16
        }
    },
    {
        "model": "app.comuna",
        "pk": 300,
        "fields": {
            "name": "Estación Central",
            "region": 16
        }
    },
    {
        "model": "app.comuna",
        "pk": 301,
        "fields": {
            "name": "Huechuraba",
            "region": 16
        }
    },
    {
        "model": "app.comuna",
        "pk": 302,
        "fields": {
            "name": "Independencia",
            "region": 16
        }
    },
    {
        "model": "app.comuna",
        "pk": 303,
        "fields": {
            "name": "La Cisterna",
            "region": 16
        }
    },
    {
        "model": "app.comuna",
        "pk": 304,
        "fields": {
            "name": "La Florida",
            "region": 16
        }
    },
    {
        "model": "app.comuna",
        "pk": 305,
        "fields": {
            "name": "La Granja",
            "region": 16
        }
    },
    {
        "model": "app.comuna",
        "pk": 306,
        "fields": {
            "name": "La Pintana",
            "region": 16
        }
    },
    {
        "model": "app.comuna",
        "pk": 307,
        "fields": {
            "name": "La Reina",
            "region": 16
        }
    },
    {
        "model": "app.comuna",
        "pk": 308,
        "fields": {
            "name": "Las Condes",
            "region": 16
        }
    },
    {
        "model": "app.comuna",
        "pk": 309,
        "fields": {
            "name": "Lo Barnechea",
            "region": 16
        }
    },
    {
        "model": "app.comuna",
        "pk": 310,
        "fields": {
            "name": "Lo Espejo",
            "region": 16
        }
    },
    {
        "model": "app.comuna",
        "pk": 311,
        "fields": {
            "name": "Lo Prado",
            "region": 16
        }
    },
    {
        "model": "app.comuna",
        "pk": 312,
        "fields": {
            "name": "Macul",
            "region": 16
        }
    },
    {
        "model": "app.comuna",
        "pk": 313,
        "fields": {
            "name": "Maipú",
            "region": 16
        }
    },
    {
        "model": "app.comuna",
        "pk": 314,
        "fields": {
            "name": "Ñuñoa",
            "region": 16
        }
    },
    {
        "model": "app.comuna",
        "pk": 315,
        "fields": {
            "name": "Pedro Aguirre Cerda",
            "region": 16
        }
    },
    {
        "model": "app.comuna",
        "pk": 316,
        "fields": {
            "name": "Peñalolén",
            "region": 16
        }
    },
    {
        "model": "app.comuna",
        "pk": 317,
        "fields": {
            "name": "Providencia",
            "region": 16
        }
    },
    {
        "model": "app.comuna",
        "pk": 318,
        "fields": {
            "name": "Pudahuel",
            "region": 16
        }
    },
    {
        "model": "app.comuna",
        "pk": 319,
        "fields": {
            "name": "Quilicura",
            "region": 16
        }
    },
    {
        "model": "app.comuna",
        "pk": 320,
        "fields": {
            "name": "Quinta Normal",
            "region": 16
        }
    },
    {
        "model": "app.comuna",
        "pk": 321,
        "fields": {
            "name": "Recoleta",
            "region": 16
        }
    },
    {
        "model": "app.comuna",
        "pk": 322,
        "fields": {
            "name": "Renca",
            "region": 16
        }
    },
    {
        "model": "app.comuna",
        "pk": 323,
        "fields": {
            "name": "San Joaquín",
            "region": 16
        }
    },
    {
        "model": "app.comuna",
        "pk": 324,
        "fields": {
            "name": "San Miguel",
            "region": 16
        }
    },
    {
        "model": "app.comuna",
        "pk": 325,
        "fields": {
            "name": "San Ramón",
            "region": 16
        }
    },
    {
        "model": "app.comuna",
        "pk": 326,
        "fields": {
            "name": "Vitacura",
            "region": 16
        }
    },
    {
        "model": "app.comuna",
        "pk": 327,
        "fields": {
            "name": "Puente Alto",
            "region": 16
        }
    },
    {
        "model": "app.comuna",
        "pk": 328,
        "fields": {
            "name": "Pirque",
            "region": 16
        }
    },
    {
        "model": "app.comuna",
        "pk": 329,
        "fields": {
            "name": "San José de Maipo",
            "region": 16
        }
    },
    {
        "model": "app.comuna",
        "pk": 330,
        "fields": {
            "name": "Colina",
            "region": 16
        }
    },
    {
        "model": "app.comuna",
        "pk": 331,
        "fields": {
            "name": "Lampa",
            "region": 16
        }
    },
    {
        "model": "app.comuna",
        "pk": 332,
        "fields": {
            "name": "Tiltil",
            "region": 16
        }
    },
    {
        "model": "app.comuna",
        "pk": 333,
        "fields": {
            "name": "San Bernardo",
            "region": 16
        }
    },
    {
        "model": "app.comuna",
        "pk": 334,
        "fields": {
            "name": "Buin",
            "region": 16
        }
    },
    {
        "model": "app.comuna",
        "pk": 335,
        "fields": {
            "name": "Calera de Tango",
            "region": 16
        }
    },
    {
        "model": "app.comuna",
        "pk": 336,
        "fields": {
            "name": "Paine",
            "region": 16
        }
    },
    {
        "model": "app.comuna",
        "pk": 337,
        "fields": {
            "name": "Melipilla",
            "region": 16
        }
    },
    {
        "model": "app.comuna",
        "pk": 338,
        "fields": {
            "name": "Alhué",
            "region": 16
        }
    },
    {
        "model": "app.comuna",
        "pk": 339,
        "fields": {
            "name": "Curacaví",
            "region": 16
        }
    },
    {
        "model": "app.comuna",
        "pk": 340,
        "fields": {
            "name": "María Pinto",
            "region": 16
        }
    },
    {
        "model": "app.comuna",
        "pk": 341,
        "fields": {
            "name": "San Pedro",
            "region": 16
        }
    },
    {
        "model": "app.comuna",
        "pk": 342,
        "fields": {
            "name": "Talagante",
            "region": 16
        }
    },
    {
        "model": "app.comuna",
        "pk": 343,
        "fields": {
            "name": "El Monte",
            "region": 16
        }
    },
    {
        "model": "app.comuna",
        "pk": 344,
        "fields": {
            "name": "Isla de Maipo",
            "region": 16
        }
    },
    {
        "model": "app.comuna",
        "pk": 345,
        "fields": {
            "name": "Padre Hurtado",
            "region": 16
        }
    },
    {
        "model": "app.comuna",
        "pk": 346,
        "fields": {
            "name": "Peñaflor",
            "region": 16
        }
    },
    {
        "model": "app.usuario",
        "pk": 1,
        "fields": {
            "password": "pbkdf2_sha256$600000$Wdk5mqkl7q2b1rmxYnonJD$BHeJjx3/53Uu++OsXALSuPGdUeVSdS7tWbTUXQy0y0w=",
            "last_login": "2024-06-01T14:32:02.494Z",
            "is_superuser": true,
            "username": "admin",
            "first_name": "Ariel",
            "last_name": "Villarreal",
            "email": "mr.arielvc@gmail.com",
            "is_staff": true,
            "is_active": true,
            "date_joined": "2024-05-22T23:14:07Z",
            "rut": "17175435-6",
            "direccion": "Corindon 1531",
            "telefono": "+56985084650",
            "tipo_usuario": "ARRENDADOR",
            "groups": [],
            "user_permissions": []
        }
    },
    {
        "model": "app.usuario",
        "pk": 2,
        "fields": {
            "password": "pbkdf2_sha256$600000$co7Mx3CinKKRkzjZWwUxeu$puc1n+nwjgIMQzsAXQoAUInDMYp/pVXmxR1iN+VI3iY=",
            "last_login": "2024-06-01T15:45:56.795Z",
            "is_superuser": false,
            "username": "juanito",
            "first_name": "Juanito",
            "last_name": "Gato",
            "email": "gato@mail.com",
            "is_staff": false,
            "is_active": true,
            "date_joined": "2024-05-23T00:38:47Z",
            "rut": "17383607-4",
            "direccion": "calle siempre viva 752",
            "telefono": "+56973023059",
            "tipo_usuario": "ARRENDATARIO",
            "groups": [],
            "user_permissions": []
        }
    },
    {
        "model": "app.usuario",
        "pk": 3,
        "fields": {
            "password": "pbkdf2_sha256$600000$BEGB5MeKMhVGWdvqz4c5qQ$4FFiqkrz4L7ofAfyp3cfJ4i8lc72F5hUCGYOhkWfGL0=",
            "last_login": "2024-06-06T22:46:12.453Z",
            "is_superuser": false,
            "username": "anita",
            "first_name": "Ana",
            "last_name": "Carrillo Vasquez",
            "email": "anita@correo.cl",
            "is_staff": false,
            "is_active": true,
            "date_joined": "2024-05-25T14:14:49Z",
            "rut": "9163488-0",
            "direccion": "San Francisco de asis 8028",
            "telefono": "+56973023059",
            "tipo_usuario": "ARRENDADOR",
            "groups": [],
            "user_permissions": []
        }
    },
    {
        "model": "app.usuario",
        "pk": 4,
        "fields": {
            "password": "pbkdf2_sha256$600000$ExWsx8OlFJmsnZ1r0CR3Sv$nvIXAKG/jDySsM1hASIdjG+hdFsRjk82qgo6WbbUizA=",
            "last_login": "2024-06-01T01:36:06.620Z",
            "is_superuser": false,
            "username": "mrcerverus",
            "first_name": "Tony",
            "last_name": "Stark",
            "email": "mrcerverus@correo.cl",
            "is_staff": false,
            "is_active": true,
            "date_joined": "2024-05-25T14:16:33Z",
            "rut": "17383607-4",
            "direccion": "Corindon 1531",
            "telefono": "+56985084650",
            "tipo_usuario": "ARRENDATARIO",
            "groups": [],
            "user_permissions": []
        }
    },
    {
        "model": "app.usuario",
        "pk": 5,
        "fields": {
            "password": "pbkdf2_sha256$600000$8UiOXZoNm13Ia15HtrNDVy$gYM8B2s7zAaEkLcikBnBgDmFQ16Lk8hmqAY0XT8FDsY=",
            "last_login": "2024-06-01T14:16:16.787Z",
            "is_superuser": false,
            "username": "elise",
            "first_name": "Elise",
            "last_name": "Villarreal Fierro",
            "email": "elise@correo.cl",
            "is_staff": false,
            "is_active": true,
            "date_joined": "2024-05-31T01:40:56.102Z",
            "rut": "27090797-0",
            "direccion": "Corindon 1531",
            "telefono": "+56985084650",
            "tipo_usuario": "ARRENDADOR",
            "groups": [],
            "user_permissions": []
        }
    },
    {
        "model": "app.inmueble",
        "pk": 1,
        "fields": {
            "nombre": "Casa Up",
            "descripcion": "Casa diseno pelicula UP - Pixar Disney",
            "m2_construidos": 120.0,
            "m2_totales": 200.0,
            "cantidad_estacionamientos": 2,
            "cantidad_habitaciones": 3,
            "cantidad_banos": 2,
            "direccion": "Calle Siempre Viva 123",
            "comuna": 346,
            "tipo_inmueble": "CASA",
            "precio_mensual_arriendo": "700000.00",
            "propietario": 5,
            "activo": true,
            "fecha_publicacion": "2024-05-31T02:48:25.664Z",
            "imagen": "albums/images/casa.jpg"
        }
    },
    {
        "model": "app.inmueble",
        "pk": 2,
        "fields": {
            "nombre": "Gotham",
            "descripcion": "Departamento en Gotham City, dueno Bruce Wane",
            "m2_construidos": 100.0,
            "m2_totales": 110.0,
            "cantidad_estacionamientos": 2,
            "cantidad_habitaciones": 4,
            "cantidad_banos": 3,
            "direccion": "Calle Siempre Viva 1050",
            "comuna": 317,
            "tipo_inmueble": "DEPARTAMENTO",
            "precio_mensual_arriendo": "1000000.00",
            "propietario": 1,
            "activo": true,
            "fecha_publicacion": "2024-05-31T02:49:49.018Z",
            "imagen": "albums/images/departamento.jpg"
        }
    },
    {
        "model": "app.inmueble",
        "pk": 3,
        "fields": {
            "nombre": "Campo - Valley Toon",
            "descripcion": "Parcela de agrado para tus dias de relajo",
            "m2_construidos": 120.0,
            "m2_totales": 300.0,
            "cantidad_estacionamientos": 4,
            "cantidad_habitaciones": 8,
            "cantidad_banos": 3,
            "direccion": "Calle Falsa 123",
            "comuna": 337,
            "tipo_inmueble": "PARCELA",
            "precio_mensual_arriendo": "1500000.00",
            "propietario": 3,
            "activo": true,
            "fecha_publicacion": "2024-05-31T02:50:49.057Z",
            "imagen": "albums/images/parcela.jpg"
        }
    },
    {
        "model": "app.inmueble",
        "pk": 4,
        "fields": {
            "nombre": "Parcela El Arriero",
            "descripcion": "PArcela de agrado con piscina",
            "m2_construidos": 150.0,
            "m2_totales": 500.0,
            "cantidad_estacionamientos": 6,
            "cantidad_habitaciones": 4,
            "cantidad_banos": 2,
            "direccion": "Camino el lodal 1234",
            "comuna": 331,
            "tipo_inmueble": "PARCELA",
            "precio_mensual_arriendo": "2000000.00",
            "propietario": 3,
            "activo": true,
            "fecha_publicacion": "2024-06-01T13:18:04.219Z",
            "imagen": "albums/images/parcela2.jpg"
        }
    },
    {
        "model": "app.inmueble",
        "pk": 5,
        "fields": {
            "nombre": "Club de Toby",
            "descripcion": "Departamento para tus celebraciones \"especiales\"",
            "m2_construidos": 100.0,
            "m2_totales": 120.0,
            "cantidad_estacionamientos": 2,
            "cantidad_habitaciones": 3,
            "cantidad_banos": 2,
            "direccion": "Av. Siempre Viva 666",
            "comuna": 308,
            "tipo_inmueble": "DEPARTAMENTO",
            "precio_mensual_arriendo": "600000.00",
            "propietario": 1,
            "activo": true,
            "fecha_publicacion": "2024-06-01T13:25:32.318Z",
            "imagen": "albums/images/departamento2.jpg"
        }
    },
    {
        "model": "app.inmueble",
        "pk": 6,
        "fields": {
            "nombre": "Casa Con Piscina",
            "descripcion": "Fabulosa casa con piscina para tus ninos",
            "m2_construidos": 130.0,
            "m2_totales": 150.0,
            "cantidad_estacionamientos": 3,
            "cantidad_habitaciones": 4,
            "cantidad_banos": 2,
            "direccion": "Calle Siempre Viva 908",
            "comuna": 316,
            "tipo_inmueble": "CASA",
            "precio_mensual_arriendo": "800000.00",
            "propietario": 5,
            "activo": true,
            "fecha_publicacion": "2024-06-01T14:17:55.241Z",
            "imagen": "albums/images/casa2.jpg"
        }
    },
    {
        "model": "app.solicitudarriendo",
        "pk": 1,
        "fields": {
            "arrendatario": 2,
            "inmueble": 2,
            "mensaje": "Quiero arrendar esta propiedad, favor indicar requisitos",
            "estado": "PENDIENTE"
        }
    },
    {
        "model": "app.solicitudarriendo",
        "pk": 3,
        "fields": {
            "arrendatario": 4,
            "inmueble": 2,
            "mensaje": "Tony Stark quiere arrendar este lugar por el fin de semana.\r\nHulk si esta invitado Bruce",
            "estado": "PENDIENTE"
        }
    },
    {
        "model": "app.solicitudarriendo",
        "pk": 4,
        "fields": {
            "arrendatario": 4,
            "inmueble": 3,
            "mensaje": "Tony Star quiere arrendar esta propiedad para el cumpleanos de Morgan",
            "estado": "PENDIENTE"
        }
    },
    {
        "model": "app.contactoform",
        "pk": 1,
        "fields": {
            "name": "Ariel",
            "last_name": "Villarreal",
            "phone": "+56985084650",
            "email": "ariel@gmail.com",
            "message": "esto es una prueba"
        }
    }
]